{
  "train_loss": [
    0.8971347610155741,
    0.5289385616779327,
    0.45037945409615837,
    0.38507797618707024,
    0.37100428640842437,
    0.3149040718873342,
    0.31900629301865896,
    0.29838300695021946,
    0.2880046154061953,
    0.2777872934937477
  ],
  "val_loss": [
    0.6687565743923187,
    0.5911792844533921,
    0.42827953696250914,
    0.5883894920349121,
    0.32113088071346285,
    0.3153524547815323,
    0.3080474019050598,
    0.34017168581485746,
    0.3137746393680573,
    0.27965540885925294
  ],
  "train_dice": [
    0.09570705169031367,
    0.21557689183418857,
    0.2842072160318607,
    0.39348411441772485,
    0.4055952925998023,
    0.4891208706717462,
    0.49294670611865515,
    0.5377994595079277,
    0.575953707359756,
    0.5721227016136597
  ],
  "val_dice": [
    0.12889113163812876,
    0.12920951014402848,
    0.4140163259667918,
    0.25403388130014576,
    0.5109621843533695,
    0.5211638490358989,
    0.5280957276622454,
    0.5386222178737322,
    0.5271220421418548,
    0.6385712580134472
  ],
  "wt_dice": [
    4.540741002645454e-09,
    5.0557078440371935e-09,
    5.0552978775320055e-09,
    0.027360572732314802,
    0.07101369227080952,
    0.14695412516593934,
    0.20144319385290146,
    0.28406246602535246,
    0.24615281391888857,
    0.4194104719907045
  ],
  "tc_dice": [
    0.3866733893752098,
    0.3876285243779421,
    0.7052967220544815,
    0.37817080300301315,
    0.7660279095172882,
    0.7402874767780304,
    0.6424081444740295,
    0.6584367513656616,
    0.6421677947044373,
    0.7251362144947052
  ],
  "et_dice": [
    9.984355037184756e-10,
    9.984355037184756e-10,
    0.536752250790596,
    0.35657026816510934,
    0.6958449512720108,
    0.6762499451637268,
    0.7404358446598053,
    0.6733674362301827,
    0.6930455178022384,
    0.7711670875549317
  ],
  "best_val_loss": 0.27965540885925294,
  "best_epoch": 10
}