{
  "train_loss": [
    0.814873331785202,
    0.41847472488880155,
    0.34510556360085803,
    0.30981201827526095,
    0.2745393748084704,
    0.2297436942656835,
    0.23330800632635754,
    0.2209484765926997,
    0.22706850618124008,
    0.20762058695157368
  ],
  "val_loss": [
    0.535625034570694,
    0.36335766315460205,
    0.32143730521202085,
    0.30319430828094485,
    0.2989033699035645,
    0.2140506997704506,
    0.2319121390581131,
    0.29742386788129804,
    0.18222006410360336,
    0.1828657329082489
  ],
  "train_dice": [
    0.019986881069358534,
    0.08718651068843424,
    0.22524778152935543,
    0.2471427313238428,
    0.3919950238719485,
    0.46395770839705824,
    0.4360208326457573,
    0.4682567778383611,
    0.4573854894366414,
    0.5150692798752147
  ],
  "val_dice": [
    1.8863686723769035e-09,
    0.19935263597114228,
    0.22455996576093976,
    0.31329422677180235,
    0.3192483590329239,
    0.5042358064713578,
    0.4704521389719846,
    0.3091045594693623,
    0.5796301814417045,
    0.5902563256522019
  ],
  "wt_dice": [
    4.912377782329003e-09,
    5.0557078440371935e-09,
    5.0557078440371935e-09,
    5.0557078440371935e-09,
    0.0029219623758046432,
    0.05230680825188756,
    0.06517506894975975,
    0.06782285529214442,
    0.1676464356482029,
    0.24812893345952033
  ],
  "tc_dice": [
    2.1671456573724156e-10,
    0.5980579018592834,
    0.6736798912286759,
    0.6073203593492508,
    0.5377931416034698,
    0.7525334775447845,
    0.670818367600441,
    0.5882669886574149,
    0.7782232701778412,
    0.7529472887516022
  ],
  "et_dice": [
    5.300136690644663e-10,
    9.984355037184756e-10,
    9.984355037184756e-10,
    0.3325623159104484,
    0.4170299731194973,
    0.7078671336174012,
    0.6753629803657532,
    0.2712238344585277,
    0.7930208384990692,
    0.7696927547454834
  ],
  "best_val_loss": 0.18222006410360336,
  "best_epoch": 9
}